<?xml version="1.0" encoding="UTF-8"?>
<project-private xmlns="http://www.netbeans.org/ns/project-private/1">
    <editor-bookmarks xmlns="http://www.netbeans.org/ns/editor-bookmarks/2" lastBookmarkId="0"/>
    <open-files xmlns="http://www.netbeans.org/ns/projectui-open-files/2">
        <group>
            <file>file:/Users/samiulsaki/NetBeansProjects/ChowdhuryClient/web/display.jsp</file>
            <file>file:/Users/samiulsaki/NetBeansProjects/ChowdhuryClient/build/generated-sources/jax-ws/com/palindrome/CheckPalindrome.java</file>
            <file>file:/Users/samiulsaki/NetBeansProjects/ChowdhuryClient/web/index.jsp</file>
            <file>file:/Users/samiulsaki/NetBeansProjects/ChowdhuryClient/web/WEB-INF/jax-ws-catalog.xml</file>
        </group>
    </open-files>
</project-private>
